{
  "version": "2.1.0",
  "permanent_n9_x20": {
    "median_s": 0.0011909999981677781,
    "min_s": 0.001030866667861119,
    "samples_s": [0.0016105333343148232, 0.001030866667861119, 0.0011510666615019243, 0.0012012333318125457, 0.0011909999981677781, 0.001488633327729379, 0.0010758333373814821]
  },
  "fock_5ph_7mode": {
    "median_s": 0.001047779998043552,
    "min_s": 0.0009643799974583089,
    "samples_s": [0.0011544399952981622, 0.0010429000016301871, 0.0012179999961517752, 0.001047779998043552, 0.0009643799974583089]
  },
  "partial_4ph_5mode": {
    "median_s": 0.0030507000046782196,
    "min_s": 0.002982066672605773,
    "samples_s": [0.0030507000046782196, 0.002982066672605773, 0.0036222666579609117]
  },
  "coherent_loop_256": {
    "median_s": 0.0048177666709913565,
    "min_s": 0.004388266669896741,
    "samples_s": [0.005595933335522811, 0.004388266669896741, 0.004766500002006069, 0.005975333333481103, 0.0048177666709913565]
  },
  "circuit_64mode_210components": {
    "first_median_s": 0.041224500009169184,
    "second_median_s": 0.0026898666692432016,
    "second_over_first": 0.06524922482128151,
    "first_samples_s": [0.04623300000093877, 0.04367906666205575, 0.05328880000161007, 0.041224500009169184, 0.0237757000043833, 0.033597433338096984, 0.02753063333996882],
    "second_samples_s": [0.0029604000058801225, 0.0023330666687494763, 0.002629433321999386, 0.0030382333303956934, 0.0024066333329149834, 0.005460899982911845, 0.0026898666692432016]
  },
  "digital_twin_50k": {
    "median_s": 0.5203747999912594,
    "min_s": 0.467419599997811,
    "samples_s": [0.467419599997811, 0.5735264000250027, 0.5203747999912594]
  },
  "digital_twin_seal_50k": {
    "median_s": 1.2410998999839649,
    "min_s": 1.1559350999887101,
    "samples_s": [1.255252200004179, 1.2410998999839649, 1.1559350999887101]
  },
  "batch_cpu_2048x128": {
    "first_median_s": 0.005606160001480021,
    "second_median_s": 0.005199820006964728,
    "second_over_first": 0.9275190157954787,
    "first_samples_s": [0.0062022199999773875, 0.005020049997256137, 0.004333610003232025, 0.005086409996147267, 0.005803180008661002, 0.005146280000917614, 0.005606160001480021, 0.005981770000653341, 0.006081490003271029],
    "second_samples_s": [0.004575160003150813, 0.004563270002836362, 0.005867070006206632, 0.004976690010516904, 0.005271910000010394, 0.005199820006964728, 0.005127590007032268, 0.010017980000702665, 0.007073590002255515]
  },
  "batch_gpu_2048x128": {
    "median_s": 0.004268230000161566,
    "min_s": 0.004102679999778047,
    "samples_s": [0.004230130001087673, 0.004188720000092872, 0.004738130001351237, 0.004268230000161566, 0.0043710700003430246, 0.004102679999778047, 0.004299280000850558]
  }
}
