{
  "version": "2.2.0",
  "environment": {
    "python": "3.12.13",
    "platform": "Windows-10-10.0.19045-SP0",
    "processor": "Intel64 Family 6 Model 94 Stepping 3, GenuineIntel",
    "numpy": "2.5.1",
    "scipy": "1.18.0"
  },
  "permanent_n9_x20": {
    "median_s": 0.00199123333247068,
    "min_s": 0.001220766668363164,
    "samples_s": [
      0.00202240000362508,
      0.00199123333247068,
      0.0014925999954963725,
      0.0022799999957593777,
      0.0030367333286752305,
      0.0018338333369077493,
      0.001220766668363164
    ]
  },
  "fock_5ph_7mode": {
    "median_s": 0.0022420399996917694,
    "min_s": 0.0014025999989826232,
    "samples_s": [
      0.0033565399993676693,
      0.0028270000009797515,
      0.0014025999989826232,
      0.0022420399996917694,
      0.0015179199981503189
    ]
  },
  "partial_4ph_5mode": {
    "median_s": 0.0035944333261189363,
    "min_s": 0.00358599999647898,
    "samples_s": [
      0.005502466665348038,
      0.00358599999647898,
      0.0035944333261189363
    ]
  },
  "coherent_loop_256": {
    "median_s": 0.004937366669764742,
    "min_s": 0.0046064000052865595,
    "samples_s": [
      0.0046064000052865595,
      0.0047687666665297,
      0.004937366669764742,
      0.005100666671448077,
      0.005682766670361161
    ]
  },
  "circuit_64mode_210components": {
    "first_median_s": 0.04191209999650406,
    "second_median_s": 0.0026008333273542425,
    "second_over_first": 0.062054474186957496,
    "first_samples_s": [
      0.04425779998806926,
      0.06022823334205896,
      0.040135100008531786,
      0.04105713334865868,
      0.04191209999650406,
      0.045348233329908304,
      0.02483619998868865
    ],
    "second_samples_s": [
      0.002452700001110012,
      0.00443299999460578,
      0.0025577999961872897,
      0.002752833330305293,
      0.002471766657739257,
      0.0026008333273542425,
      0.0028067333235715828
    ]
  },
  "digital_twin_50k": {
    "median_s": 0.7096292999922298,
    "min_s": 0.5754864000191446,
    "samples_s": [
      0.7096292999922298,
      0.7397258999990299,
      0.5754864000191446
    ]
  },
  "digital_twin_seal_50k": {
    "median_s": 1.5557820000103675,
    "min_s": 1.5357164999877568,
    "samples_s": [
      1.5357164999877568,
      1.5557820000103675,
      1.6558154000085779
    ]
  },
  "spdc_pair_counts_1m": {
    "median_s": 0.0854154999833554,
    "min_s": 0.062333200010471046,
    "samples_s": [
      0.14429290001862682,
      0.0854154999833554,
      0.08122030002414249,
      0.062333200010471046,
      0.0987637999933213
    ]
  },
  "spdc_emit_100k": {
    "median_s": 0.11594869999680668,
    "min_s": 0.11156059999484569,
    "samples_s": [
      0.11594869999680668,
      0.19087789999321103,
      0.15188900000066496,
      0.11156059999484569,
      0.11499170001479797
    ]
  },
  "heralded_spdc_hom_101": {
    "median_s": 0.08583660001750104,
    "min_s": 0.06804790001478978,
    "samples_s": [
      0.11885810000239871,
      0.08583660001750104,
      0.06804790001478978
    ]
  },
  "correlated_bernoulli_200k": {
    "median_s": 0.04241650001495145,
    "min_s": 0.04172199999447912,
    "samples_s": [
      0.04241650001495145,
      0.04210859999875538,
      0.04594510002061725,
      0.04172199999447912,
      0.07127819999004714
    ]
  },
  "mixed_profile_overlap_x20k": {
    "median_s": 0.2167438000033144,
    "min_s": 0.20496190001722425,
    "samples_s": [
      0.28691599998273887,
      0.2167438000033144,
      0.20496190001722425,
      0.20613500001491047,
      0.24031420002575032
    ]
  },
  "mixed_profile_scan_20k": {
    "median_s": 0.0059105999825987965,
    "min_s": 0.00564640000811778,
    "samples_s": [
      0.0057994000089820474,
      0.006553800019901246,
      0.00564640000811778,
      0.008873799990396947,
      0.0059105999825987965
    ]
  },
  "exponential_hom_4001": {
    "median_s": 0.00017449998995289207,
    "min_s": 0.00014899999951012433,
    "samples_s": [
      0.0002704000216908753,
      0.00015319997328333557,
      0.00018440000712871552,
      0.00017449998995289207,
      0.00014899999951012433
    ]
  },
  "batch_cpu_2048x128": {
    "first_median_s": 0.004954539996106178,
    "second_median_s": 0.004903189995093271,
    "second_over_first": 0.9896357681937652,
    "first_samples_s": [
      0.005652219997136854,
      0.004954539996106178,
      0.005959700004314073,
      0.004930000001331791,
      0.003837660001590848,
      0.005820609995862469,
      0.0046134699980029835,
      0.00402959999628365,
      0.005645989999175071
    ],
    "second_samples_s": [
      0.004903189995093271,
      0.008100269999704323,
      0.007929409996722824,
      0.005361070000799373,
      0.004147470003226772,
      0.00486179999425076,
      0.004807209997670725,
      0.003696729996590875,
      0.006279550000908784
    ]
  },
  "batch_gpu_2048x128": {
    "median_s": 0.004271270000026561,
    "min_s": 0.00413078999845311,
    "samples_s": [
      0.004994690002058632,
      0.00413078999845311,
      0.004276260000187904,
      0.004271270000026561,
      0.004173090000404045,
      0.007924339998862707,
      0.004250780001166276
    ]
  }
}
