{
  "version": "2.0.0",
  "permanent_n9_x20": {
    "median_s": 0.000975666674397265,
    "min_s": 0.0009175000013783574,
    "samples_s": [0.0009626666627203425, 0.0009175000013783574, 0.0013408000037694971, 0.0009473333387480428, 0.0011394333268981427, 0.0009853333370604862, 0.000975666674397265]
  },
  "fock_5ph_7mode": {
    "median_s": 0.001193580002291128,
    "min_s": 0.000977560004685074,
    "samples_s": [0.001193580002291128, 0.0019475600041914732, 0.0015608599991537631, 0.000977560004685074, 0.0009800200001336633]
  },
  "partial_4ph_5mode": {
    "median_s": 0.0035174999987551323,
    "min_s": 0.003259266658763712,
    "samples_s": [0.003692466668629398, 0.0035174999987551323, 0.003259266658763712]
  },
  "coherent_loop_256": {
    "median_s": 0.003982099995482713,
    "min_s": 0.0037576333270408213,
    "samples_s": [0.003982099995482713, 0.004011933332852398, 0.003799933328991756, 0.0040739333295884235, 0.0037576333270408213]
  },
  "circuit_64mode_210components": {
    "first_median_s": 0.03219359999638982,
    "second_median_s": 0.0023209000064525753,
    "second_over_first": 0.07209196879854506,
    "first_samples_s": [0.03219359999638982, 0.03655660000125257, 0.04271853333921172, 0.025432199996430427, 0.027260566654149443, 0.03340649998669202, 0.02602393333412086],
    "second_samples_s": [0.0023132000060286373, 0.0022618666698690504, 0.0023209000064525753, 0.0025380999917009226, 0.0023463000058351704, 0.002522399998269975, 0.002317399989503125]
  },
  "digital_twin_50k": {
    "median_s": 0.4462925999832805,
    "min_s": 0.3939879999961704,
    "samples_s": [0.476468599983491, 0.3939879999961704, 0.4462925999832805]
  },
  "batch_cpu_2048x128": {
    "first_median_s": 0.006527609995100647,
    "second_median_s": 0.005949909996706993,
    "second_over_first": 0.911499002111454,
    "first_samples_s": [0.006555830000434071, 0.010213870002189651, 0.006591150004533119, 0.00526255999575369, 0.006510129998787306, 0.007959540002048016, 0.004922869996516965, 0.006527609995100647, 0.0053034600015962495],
    "second_samples_s": [0.008820870003546588, 0.004990690000704489, 0.0064846400025999175, 0.005949909996706993, 0.006462820002343506, 0.004760679995524697, 0.00524598999763839, 0.005682629992952571, 0.007105999992927536]
  },
  "batch_gpu_2048x128": {
    "median_s": 0.004268889999366365,
    "min_s": 0.003784919998724945,
    "samples_s": [0.00416030999913346, 0.004268889999366365, 0.005391999997664243, 0.006166879998636432, 0.004219149998971261, 0.004391680000117049, 0.003784919998724945]
  }
}
